{"cameraMode":{"drawMode":0,"name":"Shaded","section":"Shading Mode"},"sceneLighting":false,"audioPlay":false,"sceneViewState":{"showFog":true,"showMaterialUpdate":false,"showSkybox":true,"showFlares":true,"showImageEffects":true,"showParticleSystems":true},"in2DMode":false,"pivot":{"x":-0.05543266981840134,"y":1.2194688320159913,"z":-0.3559986650943756},"rotation":{"x":-0.006008682306855917,"y":-0.976062536239624,"z":0.21571601927280427,"w":-0.02720339223742485},"size":0.13919597864151,"orthographic":false}