{"cameraMode":{"drawMode":0,"name":"Shaded","section":"Shading Mode"},"sceneLighting":false,"audioPlay":false,"sceneViewState":{"showFog":true,"showMaterialUpdate":false,"showSkybox":true,"showFlares":true,"showImageEffects":true,"showParticleSystems":true},"in2DMode":false,"pivot":{"x":-0.2279217541217804,"y":0.8479716777801514,"z":1.2258557081222535},"rotation":{"x":-0.1736944168806076,"y":0.1712500900030136,"z":-0.030681338161230089,"w":-0.9693166017532349},"size":0.9466791152954102,"orthographic":false}